{
  "version": 2,
  "builds": [
    {
      "src": "*.html",
      "use": "@vercel/static"
    }
  ],
  "routes": [
    {
      "src": "/sw.js",
      "headers": {
        "cache-control": "public, max-age=0, must-revalidate",
        "service-worker-allowed": "/"
      }
    },
    {
      "src": "/css/(.*)",
      "headers": {
        "cache-control": "public, max-age=31536000, immutable"
      }
    },
    {
      "src": "/js/(.*)",
      "headers": {
        "cache-control": "public, max-age=31536000, immutable"
      }
    },
    {
      "src": "/fonts/(.*)",
      "headers": {
        "cache-control": "public, max-age=31536000, immutable"
      }
    },
    {
      "src": "/(.*)",
      "headers": {
        "cache-control": "public, max-age=3600",
        "X-Content-Type-Options": "nosniff",
        "X-Frame-Options": "DENY",
        "X-XSS-Protection": "1; mode=block",
        "Referrer-Policy": "strict-origin-when-cross-origin"
      }
    }
  ],
  "headers": [
    {
      "source": "/(.*)",
      "headers": [
        {
          "key": "X-Content-Type-Options",
          "value": "nosniff"
        },
        {
          "key": "X-Frame-Options",
          "value": "DENY"
        },
        {
          "key": "X-XSS-Protection",
          "value": "1; mode=block"
        },
        {
          "key": "Referrer-Policy",
          "value": "strict-origin-when-cross-origin"
        }
      ]
    }
  ]
} 